feature,importance
river_level_cm,2.3738898137145985
humidity_avg,1.5368226656555835
api_7d,1.406227044331419
rain_mm,1.0287910554165038
region_id,0.6289211165361658
tide_cm,0.40507572469851916
temperature_avg,0.3960562636223252
elevation_m,0.19341970236263537
wind_speed,0.11807164583773434
flood_event,0.0009314875010134425
