dataset,AUC,Accuracy,F1_Flood,F1_NoFlood
floodzy_eval_2023.csv,0.9923004027481639,0.958984375,0.9182879377431906,0.9726205997392438
floodzy_eval_2025.csv,0.9900678294573644,0.961139896373057,0.970873786407767,0.9416342412451362
